Feed Stable ID,Catalog ID,Files
mdb-617,us-california-guadalupe-flyer-gtfs-617,"['booking_rules.txt', 'location_groups.txt']"
mdb-419,us-rhode-island-vineyard-fast-ferry-gtfs-419,"['booking_rules.txt', 'location_groups.txt']"
mdb-444,us-massachusetts-lowell-regional-transit-authority-lrta-gtfs-444,"['booking_rules.txt', 'location_groups.txt']"
mdb-578,us-california-moorpark-city-transit-gtfs-578,"['booking_rules.txt', 'location_groups.txt']"
mdb-81,us-california-rio-vista-delta-breeze-gtfs-81,"['booking_rules.txt', 'location_groups.txt']"
mdb-568,us-washington-lower-columbia-cap-community-action-program-gtfs-568,"['booking_rules.txt', 'location_groups.txt']"
mdb-238,us-virginia-bristol-virginia-transit-gtfs-238,"['booking_rules.txt', 'location_groups.txt']"
mdb-443,us-massachusetts-yankee-line-gtfs-443,"['booking_rules.txt', 'location_groups.txt']"
mdb-572,us-california-madera-county-transit-gtfs-572,"['booking_rules.txt', 'location_groups.txt']"
mdb-104,us-california-corona-cruiser-gtfs-104,"['booking_rules.txt', 'location_groups.txt']"
mdb-556,us-massachusetts-plymouth-brockton-street-railway-co-gtfs-556,"['booking_rules.txt', 'location_groups.txt']"
mdb-204,us-iowa-mason-city-public-transit-gtfs-204,"['booking_rules.txt', 'location_groups.txt']"
mdb-66,us-california-sonoma-county-airport-express-gtfs-66,"['booking_rules.txt', 'location_groups.txt']"
mdb-820,us-colorado-summit-stage-gtfs-820,"['booking_rules.txt', 'location_groups.txt']"
mdb-621,us-virginia-virginia-regional-transit-gtfs-621,"['booking_rules.txt', 'location_groups.txt']"
mdb-611,us-virginia-graham-transit-gtfs-611,"['booking_rules.txt', 'location_groups.txt']"
mdb-393,us-wisconsin-janesville-transit-system-gtfs-393,"['booking_rules.txt', 'location_groups.txt']"
mdb-423,us-massachusetts-cuttyhunk-ferry-company-gtfs-423,"['booking_rules.txt', 'location_groups.txt']"
mdb-565,us-nevada-city-of-las-vegas-gtfs-565,"['booking_rules.txt', 'location_groups.txt']"
mdb-255,us-oregon-swan-island-evening-shuttle-gtfs-255,"['booking_rules.txt', 'location_groups.txt']"
mdb-591,us-virginia-petersburg-area-transit-gtfs-591,"['booking_rules.txt', 'location_groups.txt']"
mdb-448,us-vermont-rural-community-transportation-rct-gtfs-448,"['booking_rules.txt', 'location_groups.txt']"
mdb-1826,us-iowa-bettendorf-transit-gtfs-1826,"['booking_rules.txt', 'location_groups.txt']"
mdb-235,us-virginia-blackstone-area-bus-service-gtfs-235,"['booking_rules.txt', 'location_groups.txt']"
mdb-313,us-colorado-clear-creek-county-transit-gtfs-313,"['booking_rules.txt', 'location_groups.txt']"
mdb-1327,us-oregon-quail-trail-public-transit-gtfs-1327,"['booking_rules.txt', 'location_groups.txt']"
mdb-72,us-california-petaluma-transit-gtfs-72,"['booking_rules.txt', 'location_groups.txt']"
mdb-103,us-california-el-monte-transit-gtfs-103,"['booking_rules.txt', 'location_groups.txt']"
mdb-815,us-california-sonoma-marin-area-rail-transit-smart-gtfs-815,"['booking_rules.txt', 'location_groups.txt']"
mdb-427,us-massachusetts-hy-line-cruises-gtfs-427,"['booking_rules.txt', 'location_groups.txt']"
mdb-711,ca-alberta-roam-transit-gtfs-711,"['booking_rules.txt', 'location_groups.txt']"
mdb-447,us-massachusetts-cape-ann-transportation-authority-cata-gtfs-447,"['booking_rules.txt', 'location_groups.txt']"
mdb-1071,nz-bay-of-plenty-baybus-gtfs-1071,"['booking_rules.txt', 'location_groups.txt']"
mdb-489,us-maryland-regional-transportation-agency-of-central-maryland-rta-gtfs-489,"['booking_rules.txt', 'location_groups.txt']"
mdb-554,us-rhode-island-block-island-ferry-gtfs-554,"['booking_rules.txt', 'location_groups.txt']"
mdb-203,us-iowa-dodger-area-rapid-transit-gtfs-203,"['booking_rules.txt', 'location_groups.txt']"
mdb-191,us-iowa-sioux-city-transit-system-gtfs-191,"['booking_rules.txt', 'location_groups.txt']"
mdb-196,us-iowa-coralville-transit-gtfs-196,"['booking_rules.txt', 'location_groups.txt']"
mdb-116,us-california-tehama-rural-area-express-trax-gtfs-116,"['booking_rules.txt', 'location_groups.txt']"
mdb-827,us-colorado-teller-senior-coalition-transit-tsc-transit-gtfs-827,"['booking_rules.txt', 'location_groups.txt']"
mdb-337,us-florida-bay-town-trolley-gtfs-337,"['booking_rules.txt', 'location_groups.txt']"
mdb-254,us-oregon-washington-park-shuttle-gtfs-254,"['booking_rules.txt', 'location_groups.txt']"
mdb-35,us-california-palos-verdes-peninsula-transit-authority-pvpta-gtfs-35,"['booking_rules.txt', 'location_groups.txt']"
mdb-234,us-colorado-blackhawk-and-central-city-tramway-gtfs-234,"['booking_rules.txt', 'location_groups.txt']"
mdb-392,us-wisconsin-beloit-transit-gtfs-392,"['booking_rules.txt', 'location_groups.txt']"
mdb-237,us-colorado-breckenridge-free-ride-gtfs-237,"['booking_rules.txt', 'location_groups.txt']"
mdb-426,us-massachusetts-nantucket-regional-transit-authority-wave-gtfs-426,"['booking_rules.txt', 'location_groups.txt']"
mdb-12,us-california-avalon-transit-gtfs-12,"['booking_rules.txt', 'location_groups.txt']"
mdb-113,us-california-sage-stage-gtfs-113,"['booking_rules.txt', 'location_groups.txt']"
mdb-133,us-oregon-pacific-crest-bus-lines-gtfs-133,"['booking_rules.txt', 'location_groups.txt']"
mdb-430,us-vermont-marble-valley-regional-transit-district-mvrtd-gtfs-430,"['booking_rules.txt', 'location_groups.txt']"
mdb-260,us-oregon-columbia-area-transit-cat-gtfs-260,"['booking_rules.txt', 'location_groups.txt']"
mdb-126,us-oregon-benton-area-transportation-gtfs-126,"['booking_rules.txt', 'location_groups.txt']"
mdb-195,us-iowa-10-15-transit-gtfs-195,"['booking_rules.txt', 'location_groups.txt']"
mdb-295,us-montana-streamline-gtfs-295,"['booking_rules.txt', 'location_groups.txt']"
mdb-200,us-iowa-muscabus-gtfs-200,"['booking_rules.txt', 'location_groups.txt']"
mdb-117,us-california-siskiyou-county-gtfs-117,"['booking_rules.txt', 'location_groups.txt']"
mdb-65,us-california-etrans-gtfs-65,"['booking_rules.txt', 'location_groups.txt']"
mdb-579,us-california-morongo-basin-transit-authority-gtfs-579,"['booking_rules.txt', 'location_groups.txt']"
mdb-312,us-oregon-clackamas-county-social-services-gtfs-312,"['booking_rules.txt', 'location_groups.txt']"
mdb-125,us-oregon-basin-transit-service-bts-gtfs-125,"['booking_rules.txt', 'location_groups.txt']"
mdb-122,us-oregon-rogue-valley-transportation-district-rvtd-gtfs-122,"['booking_rules.txt', 'location_groups.txt']"
mdb-352,us-south-carolina-charleston-area-regional-transportation-authority-carta-gtfs-352,"['booking_rules.txt', 'location_groups.txt']"
mdb-230,us-colorado-bent-county-transit-gtfs-230,"['booking_rules.txt', 'location_groups.txt']"
mdb-901,us-virginia-williamsburg-area-transit-authority-gtfs-901,"['booking_rules.txt', 'location_groups.txt']"
mdb-63,us-california-emery-go-round-gtfs-63,"['booking_rules.txt', 'location_groups.txt']"
mdb-257,us-oregon-clackamas-community-college-ccc-xpress-gtfs-257,"['booking_rules.txt', 'location_groups.txt']"
mdb-253,us-oregon-ride-connection-gtfs-253,"['booking_rules.txt', 'location_groups.txt']"
mdb-555,us-massachusetts-dattco-motorcoach-gtfs-555,"['booking_rules.txt', 'location_groups.txt']"
mdb-217,us-california-auburn-transit-gtfs-217,"['booking_rules.txt', 'location_groups.txt']"
mdb-277,us-washington-union-gap-gtfs-277,"['booking_rules.txt', 'location_groups.txt']"
mdb-628,us-california-union-city-transit-gtfs-628,"['booking_rules.txt', 'location_groups.txt']"
mdb-931,us-oregon-harney-county-gtfs-931,"['booking_rules.txt', 'location_groups.txt']"
mdb-372,us-north-carolina-concord-kannapolis-area-transit-rider-transit-gtfs-372,"['booking_rules.txt', 'location_groups.txt']"
mdb-646,us-california-tulare-county-area-transit-tcat-gtfs-646,"['booking_rules.txt', 'location_groups.txt']"
mdb-259,us-washington-rivercities-transit-rct-gtfs-259,"['booking_rules.txt', 'location_groups.txt']"
mdb-48,us-california-porterville-transit-gtfs-48,"['booking_rules.txt', 'location_groups.txt']"
mdb-16,us-california-laguna-beach-transit-lbt-gtfs-16,"['booking_rules.txt', 'location_groups.txt']"
mdb-877,us-california-city-of-tracy-tracer-gtfs-877,"['booking_rules.txt', 'location_groups.txt']"
mdb-442,us-massachusetts-middlesex-3-tma-gtfs-442,"['booking_rules.txt', 'location_groups.txt']"
mdb-28,us-california-los-angeles-county-department-of-public-works-the-link-and-shuttles-gtfs-28,"['booking_rules.txt', 'location_groups.txt']"
mdb-176,us-colorado-rocky-mountain-national-park-shuttles-gtfs-176,"['booking_rules.txt', 'location_groups.txt']"
mdb-91,us-california-city-of-madera-gtfs-91,"['booking_rules.txt', 'location_groups.txt']"
mdb-52,us-california-tideline-water-taxi-gtfs-52,"['booking_rules.txt', 'location_groups.txt']"
mdb-569,us-texas-citibus-gtfs-569,"['booking_rules.txt', 'location_groups.txt']"
mdb-387,us-indiana-terre-haute-transit-utility-gtfs-387,"['booking_rules.txt', 'location_groups.txt']"
mdb-1958,us-new-hampshire-dartmouth-college-gtfs-1958,"['booking_rules.txt', 'location_groups.txt']"
mdb-567,us-washington-lewis-mountain-highway-transit-gtfs-567,"['booking_rules.txt', 'location_groups.txt']"
mdb-583,us-california-needles-area-transit-gtfs-583,"['booking_rules.txt', 'location_groups.txt']"
mdb-811,us-colorado-san-miguel-authority-for-regional-transportation-smart-gtfs-811,"['booking_rules.txt', 'location_groups.txt']"
mdb-594,us-colorado-town-of-mountain-village-gtfs-594,"['booking_rules.txt', 'location_groups.txt']"
mdb-603,us-colorado-town-of-telluride-gtfs-603,"['booking_rules.txt', 'location_groups.txt']"
mdb-167,us-new-mexico-sandia-shuttle-gtfs-167,"['booking_rules.txt', 'location_groups.txt']"
mdb-560,us-oregon-klamath-shuttle-gtfs-560,"['booking_rules.txt', 'location_groups.txt']"
mdb-395,us-wisconsin-belle-urban-system-gtfs-395,"['booking_rules.txt', 'location_groups.txt']"
mdb-620,us-indiana-valparaiso-transit-gtfs-620,"['booking_rules.txt', 'location_groups.txt']"
mdb-412,us-pennsylvania-erie-metropolitan-transit-authority-gtfs-412,"['booking_rules.txt', 'location_groups.txt']"
mdb-40,us-california-simi-valley-transit-gtfs-40,"['booking_rules.txt', 'location_groups.txt']"
mdb-487,us-district-of-columbia-dc-streetcar-gtfs-487,"['booking_rules.txt', 'location_groups.txt']"
mdb-138,us-oregon-cascades-east-transit-cet-gtfs-138,"['booking_rules.txt', 'location_groups.txt']"
mdb-192,us-south-dakota-sioux-area-metro-sam-gtfs-192,"['booking_rules.txt', 'location_groups.txt']"
mdb-51,us-california-mission-bay-transportation-management-association-tma-gtfs-51,"['booking_rules.txt', 'location_groups.txt']"
mdb-819,us-virginia-star-transit-gtfs-819,"['booking_rules.txt', 'location_groups.txt']"
mdb-418,us-massachusetts-greater-attleboro-taunton-regional-transit-authority-gatra-gtfs-418,"['booking_rules.txt', 'location_groups.txt']"
mdb-310,us-montana-capital-transit-gtfs-310,"['booking_rules.txt', 'location_groups.txt']"
mdb-463,us-virginia-greensville-emporia-transit-gtfs-463,"['booking_rules.txt', 'location_groups.txt']"
mdb-316,us-iowa-corridorrides-gtfs-316,"['booking_rules.txt', 'location_groups.txt']"
mdb-319,us-unknown-groome-transportation-gtfs-319,"['booking_rules.txt', 'location_groups.txt']"
mdb-308,us-illinois-dekalb-public-transit-gtfs-308,"['booking_rules.txt', 'location_groups.txt']"
mdb-879,us-colorado-garden-of-the-gods-gtfs-879,"['booking_rules.txt', 'location_groups.txt']"
mdb-374,us-north-carolina-gotriangle-gtfs-374,"['booking_rules.txt', 'location_groups.txt']"
mdb-109,us-arizona-bullhead-area-transit-system-gtfs-109,"['booking_rules.txt', 'location_groups.txt']"
mdb-155,us-mississippi-jtran-gtfs-155,"['booking_rules.txt', 'location_groups.txt']"
mdb-162,us-colorado-roaring-fork-transportation-authority-gtfs-162,"['booking_rules.txt', 'location_groups.txt']"
mdb-616,us-california-gtrans-gtfs-616,"['booking_rules.txt', 'location_groups.txt']"
mdb-399,us-wisconsin-shoreline-metro-gtfs-399,"['booking_rules.txt', 'location_groups.txt']"
mdb-127,us-oregon-caravan-airport-transportation-gtfs-127,"['booking_rules.txt', 'location_groups.txt']"
mdb-156,us-arizona-groome-transportation-arizona-shuttle-gtfs-156,"['booking_rules.txt', 'location_groups.txt']"
mdb-335,us-florida-escambia-county-area-transit-ecat-gtfs-335,"['booking_rules.txt', 'location_groups.txt']"
mdb-343,us-florida-suntran-gtfs-343,"['booking_rules.txt', 'location_groups.txt']"
mdb-350,us-florida-sunshine-bus-company-gtfs-350,"['booking_rules.txt', 'location_groups.txt']"
mdb-933,us-oregon-mt-bachelor-gtfs-933,"['booking_rules.txt', 'location_groups.txt']"
mdb-801,us-colorado-prairie-express-transit-gtfs-801,"['booking_rules.txt', 'location_groups.txt']"
mdb-107,us-california-mountain-transit-gtfs-107,"['booking_rules.txt', 'location_groups.txt']"
mdb-897,us-nevada-tahoe-transportation-district-gtfs-897,"['booking_rules.txt', 'location_groups.txt']"
mdb-338,us-alabama-montgomery-transit-gtfs-338,"['booking_rules.txt', 'location_groups.txt']"
mdb-106,us-california-beaumont-transit-gtfs-106,"['booking_rules.txt', 'location_groups.txt']"
mdb-153,us-texas-star-transit-gtfs-153,"['booking_rules.txt', 'location_groups.txt']"
mdb-278,us-washington-selah-transit-gtfs-278,"['booking_rules.txt', 'location_groups.txt']"
mdb-883,us-oregon-south-clackamas-transportation-district-gtfs-883,"['booking_rules.txt', 'location_groups.txt']"
mdb-625,us-texas-connect-transit-gtfs-625,"['booking_rules.txt', 'location_groups.txt']"
mdb-236,us-california-blossom-express-gtfs-236,"['booking_rules.txt', 'location_groups.txt']"
mdb-425,us-massachusetts-freedom-cruise-line-gtfs-425,"['booking_rules.txt', 'location_groups.txt']"
mdb-435,us-massachusetts-bay-state-cruise-company-gtfs-435,"['booking_rules.txt', 'location_groups.txt']"
mdb-340,us-florida-pasco-county-public-transportation-gtfs-340,"['booking_rules.txt', 'location_groups.txt']"
mdb-424,us-massachusetts-patriots-party-boats-gtfs-424,"['booking_rules.txt', 'location_groups.txt']"
mdb-99,us-california-victor-valley-transit-authority-vvta-gtfs-99,"['booking_rules.txt', 'location_groups.txt']"
mdb-552,us-connecticut-southeast-area-transit-district-gtfs-552,"['booking_rules.txt', 'location_groups.txt']"
mdb-168,us-colorado-groome-transportation-colorado-springs-shuttle-gtfs-168,"['booking_rules.txt', 'location_groups.txt']"
mdb-607,us-colorado-home-james-gtfs-607,"['booking_rules.txt', 'location_groups.txt']"
mdb-472,us-north-carolina-tar-river-transit-gtfs-472,"['booking_rules.txt', 'location_groups.txt']"
mdb-322,us-florida-key-west-transit-gtfs-322,"['booking_rules.txt', 'location_groups.txt']"
mdb-1141,us-colorado-dolores-county-gtfs-1141,"['booking_rules.txt', 'locations.geojson', 'location_groups.txt']"
mdb-47,us-california-kern-transit-gtfs-47,"['booking_rules.txt', 'location_groups.txt']"
mdb-22,us-oregon-curry-public-transit-gtfs-22,"['booking_rules.txt', 'location_groups.txt']"
mdb-436,us-massachusetts-coach-company-gtfs-436,"['booking_rules.txt', 'location_groups.txt']"
mdb-496,us-massachusetts-peter-pan-gtfs-496,"['booking_rules.txt', 'location_groups.txt']"
mdb-62,us-california-san-francisco-bay-area-water-emergency-transportation-authority-weta-gtfs-62,"['booking_rules.txt', 'location_groups.txt']"
mdb-139,us-oregon-central-oregon-breeze-gtfs-139,"['booking_rules.txt', 'location_groups.txt']"
mdb-834,us-oregon-buena-vista-ferry-gtfs-834,"['booking_rules.txt', 'location_groups.txt']"
mdb-832,us-virginia-radar-gtfs-832,"['booking_rules.txt', 'location_groups.txt']"
mdb-309,us-colorado-city-of-fountain-transit-gtfs-309,"['booking_rules.txt', 'location_groups.txt']"
mdb-880,us-colorado-boulder-county-gtfs-880,"['booking_rules.txt', 'location_groups.txt']"
mdb-20,us-california-redwood-coast-transit-rct-gtfs-20,"['booking_rules.txt', 'location_groups.txt']"
mdb-102,us-california-norwalk-transit-system-nts-gtfs-102,"['booking_rules.txt', 'location_groups.txt']"
mdb-618,us-maryland-harbor-connector-gtfs-618,"['booking_rules.txt', 'location_groups.txt']"
mdb-24,us-oregon-rhody-express-gtfs-24,"['booking_rules.txt', 'location_groups.txt']"
mdb-39,us-california-spirit-bus-gtfs-39,"['booking_rules.txt', 'location_groups.txt']"
mdb-450,us-vermont-vermont-translines-gtfs-450,"['booking_rules.txt', 'location_groups.txt']"
mdb-878,us-oregon-philomath-connection-gtfs-878,"['booking_rules.txt', 'location_groups.txt']"
mdb-576,us-connecticut-middletown-area-transit-gtfs-576,"['booking_rules.txt', 'location_groups.txt']"
mdb-610,us-florida-gowal-gtfs-610,"['booking_rules.txt', 'location_groups.txt']"
mdb-229,us-arizona-benson-area-transit-gtfs-229,"['booking_rules.txt', 'location_groups.txt']"
mdb-210,us-ohio-allen-county-regional-transit-authority-gtfs-210,"['booking_rules.txt', 'location_groups.txt']"
mdb-243,us-alaska-inter-island-ferry-gtfs-243,"['booking_rules.txt', 'location_groups.txt']"
mdb-614,us-colorado-groome-transportation-greenride-gtfs-614,"['booking_rules.txt', 'location_groups.txt']"
mdb-760,ca-quebec-societe-des-transports-de-rimouski-gtfs-760,"['booking_rules.txt', 'location_groups.txt']"
mdb-429,us-massachusetts-franklin-regional-transit-authority-frta-gtfs-429,"['booking_rules.txt', 'location_groups.txt']"
mdb-1284,us-oregon-shuttle-oregon-gtfs-1284,"['booking_rules.txt', 'location_groups.txt']"
mdb-60,us-california-mountain-view-transportation-management-association-mvgo-gtfs-60,"['booking_rules.txt', 'location_groups.txt']"
mdb-1087,us-colorado-baca-area-transportation-gtfs-1087,"['booking_rules.txt', 'locations.geojson', 'location_groups.txt']"
mdb-835,us-california-glenn-transit-service-gtfs-835,"['booking_rules.txt', 'location_groups.txt']"
mdb-36,us-california-lawndale-beat-gtfs-36,"['booking_rules.txt', 'location_groups.txt']"
mdb-361,us-tennessee-franklin-transit-authority-gtfs-361,"['booking_rules.txt', 'location_groups.txt']"
mdb-1197,us-south-carolina-the-comet-gtfs-1197,"['booking_rules.txt', 'location_groups.txt']"
mdb-376,us-north-carolina-chapel-hill-transit-cht-gtfs-376,"['booking_rules.txt', 'location_groups.txt']"
mdb-84,us-california-nevada-county-connects-gold-country-stage-gtfs-84,"['booking_rules.txt', 'location_groups.txt']"
mdb-86,us-california-merced-county-transit-the-bus-gtfs-86,"['booking_rules.txt', 'location_groups.txt']"
mdb-293,us-montana-university-of-montana-udash-gtfs-293,"['booking_rules.txt', 'location_groups.txt']"
mdb-158,us-arizona-cottonwood-area-transit-cat-gtfs-158,"['booking_rules.txt', 'location_groups.txt']"
mdb-1328,us-virginia-virginia-breeze-gtfs-1328,"['booking_rules.txt', 'location_groups.txt']"
mdb-375,us-north-carolina-gocary-gtfs-375,"['booking_rules.txt', 'location_groups.txt']"
mdb-1195,us-colorado-easy-ride-transportation-gtfs-1195,"['booking_rules.txt', 'locations.geojson', 'location_groups.txt']"
mdb-92,us-california-amador-transit-gtfs-92,"['booking_rules.txt', 'location_groups.txt']"
mdb-274,us-oregon-city-of-milton-freewater-public-transportation-gtfs-274,"['booking_rules.txt', 'location_groups.txt']"
mdb-33,us-california-thousand-oaks-transit-gtfs-33,"['booking_rules.txt', 'location_groups.txt']"
mdb-79,us-california-yuba-sutter-transit-gtfs-79,"['booking_rules.txt', 'location_groups.txt']"
mdb-272,us-oregon-kayak-transit-ctuir-gtfs-272,"['booking_rules.txt', 'location_groups.txt']"
mdb-94,us-california-tahoe-area-regional-transit-tart-gtfs-94,"['booking_rules.txt', 'location_groups.txt']"
mdb-177,us-colorado-town-of-estes-park-gtfs-177,"['booking_rules.txt', 'location_groups.txt']"
mdb-1233,nz-waikato-bus-it-waikato-gtfs-1233,"['booking_rules.txt', 'location_groups.txt']"
mdb-833,us-oregon-wheatland-ferry-gtfs-833,"['booking_rules.txt', 'location_groups.txt']"
mdb-608,us-virginia-wintran-gtfs-608,"['booking_rules.txt', 'location_groups.txt']"
mdb-180,us-colorado-via-mobility-gtfs-180,"['booking_rules.txt', 'location_groups.txt']"
mdb-932,us-oregon-link-lane-gtfs-932,"['booking_rules.txt', 'location_groups.txt']"
mdb-198,us-iowa-cedar-rapids-transit-gtfs-198,"['booking_rules.txt', 'location_groups.txt']"
mdb-320,us-california-delano-area-rapid-transit-gtfs-320,"['booking_rules.txt', 'location_groups.txt']"
mdb-619,us-california-turlock-transit-gtfs-619,"['booking_rules.txt', 'location_groups.txt']"
mdb-54,us-california-caltrain-gtfs-54,"['booking_rules.txt', 'location_groups.txt']"
mdb-212,us-colorado-all-points-transit-gtfs-212,"['booking_rules.txt', 'location_groups.txt']"
mdb-115,us-california-trinity-transit-gtfs-115,"['booking_rules.txt', 'location_groups.txt']"
mdb-903,us-north-carolina-asheville-rides-transit-gtfs-903,"['booking_rules.txt', 'location_groups.txt']"
mdb-174,us-colorado-vail-transit-gtfs-174,"['booking_rules.txt', 'location_groups.txt']"
mdb-344,us-florida-starmetro-gtfs-344,"['booking_rules.txt', 'location_groups.txt']"
mdb-537,us-massachusetts-berkshire-regional-transit-authority-brta-gtfs-537,"['booking_rules.txt', 'location_groups.txt']"
mdb-251,us-oregon-woodburn-transit-service-wts-gtfs-251,"['booking_rules.txt', 'location_groups.txt']"
mdb-199,us-iowa-burlington-urban-service-gtfs-199,"['booking_rules.txt', 'location_groups.txt']"
mdb-802,us-michigan-qline-detroit-gtfs-802,"['booking_rules.txt', 'location_groups.txt']"
mdb-202,us-iowa-clinton-municipal-transit-administration-clinton-mta-gtfs-202,"['booking_rules.txt', 'location_groups.txt']"
mdb-77,us-california-placer-county-transit-gtfs-77,"['booking_rules.txt', 'location_groups.txt']"
mdb-23,us-oregon-lincoln-county-transit-lct-gtfs-23,"['booking_rules.txt', 'location_groups.txt']"
mdb-78,us-california-westcat-gtfs-78,"['booking_rules.txt', 'location_groups.txt']"
mdb-75,us-colorado-el-dorado-transit-gtfs-75,"['booking_rules.txt', 'location_groups.txt']"
mdb-631,us-vermont-advance-transit-gtfs-631,"['booking_rules.txt', 'location_groups.txt']"
mdb-422,us-massachusetts-brockton-area-transit-authority-bat-gtfs-422,"['booking_rules.txt', 'location_groups.txt']"
mdb-172,us-colorado-colorado-mountain-express-gtfs-172,"['booking_rules.txt', 'location_groups.txt']"
mdb-397,us-wisconsin-go-transit-gtfs-397,"['booking_rules.txt', 'location_groups.txt']"
mdb-1247,us-north-dakota-cities-area-transit-gtfs-1247,"['booking_rules.txt', 'location_groups.txt']"
mdb-445,us-massachusetts-merrimack-valley-regional-transit-authority-mvrta-gtfs-445,"['booking_rules.txt', 'location_groups.txt']"
mdb-830,us-wisconsin-metro-ride-gtfs-830,"['booking_rules.txt', 'location_groups.txt']"
mdb-384,us-michigan-indian-trails-gtfs-384,"['booking_rules.txt', 'location_groups.txt']"
mdb-218,us-colorado-avon-transit-gtfs-218,"['booking_rules.txt', 'location_groups.txt']"
mdb-1213,us-colorado-epic-mountain-express-gtfs-1213,"['booking_rules.txt', 'location_groups.txt']"
mdb-441,us-massachusetts-massport-gtfs-441,"['booking_rules.txt', 'location_groups.txt']"
mdb-1232,us-colorado-pueblo-transit-gtfs-1232,"['booking_rules.txt', 'locations.geojson', 'location_groups.txt']"
mdb-690,ca-british-columbia-bc-ferries-gtfs-690,"['booking_rules.txt', 'location_groups.txt']"
mdb-381,us-virginia-greater-lynchburg-transit-co-gtfs-381,"['booking_rules.txt', 'location_groups.txt']"
mdb-68,us-california-lake-transit-authority-lta-gtfs-68,"['booking_rules.txt', 'location_groups.txt']"
mdb-76,us-california-fairfield-and-suisun-transit-fast-transit-gtfs-76,"['booking_rules.txt', 'location_groups.txt']"
mdb-461,us-virginia-farmville-area-bus-gtfs-461,"['booking_rules.txt', 'location_groups.txt']"
mdb-605,us-oregon-canby-ferry-gtfs-605,"['booking_rules.txt', 'location_groups.txt']"
mdb-175,us-colorado-winter-park-transit-gtfs-175,"['booking_rules.txt', 'location_groups.txt']"
mdb-599,us-california-city-coach-gtfs-599,"['booking_rules.txt', 'location_groups.txt']"
mdb-118,us-california-lassen-rural-bus-lrb-gtfs-118,"['booking_rules.txt', 'location_groups.txt']"
mdb-377,us-north-carolina-godurham-gtfs-377,"['booking_rules.txt', 'location_groups.txt']"
mdb-559,us-iowa-iowa-city-transit-system-gtfs-559,"['booking_rules.txt', 'location_groups.txt']"
mdb-828,us-virginia-pony-express-gtfs-828,"['booking_rules.txt', 'location_groups.txt']"
mdb-882,us-virginia-altavista-community-transit-system-gtfs-882,"['booking_rules.txt', 'location_groups.txt']"
mdb-246,us-oregon-sunset-empire-transportation-district-setd-gtfs-246,"['booking_rules.txt', 'location_groups.txt']"
mdb-18,us-california-palo-verde-valley-transit-agency-gtfs-18,"['booking_rules.txt', 'location_groups.txt']"
mdb-89,us-california-clovis-transit-gtfs-89,"['booking_rules.txt', 'location_groups.txt']"
mdb-334,us-virginia-mountain-lynx-transit-gtfs-334,"['booking_rules.txt', 'location_groups.txt']"
mdb-539,us-vermont-green-mountain-community-network-gmcn-gtfs-539,"['booking_rules.txt', 'location_groups.txt']"
mdb-137,us-oregon-linn-shuttle-gtfs-137,"['booking_rules.txt', 'location_groups.txt']"
mdb-130,us-oregon-diamond-express-gtfs-130,"['booking_rules.txt', 'location_groups.txt']"
mdb-31,us-california-ventura-county-transportation-commission-gtfs-31,"['booking_rules.txt', 'location_groups.txt']"
mdb-289,us-oregon-wallowa-community-connection-wcc-gtfs-289,"['booking_rules.txt', 'location_groups.txt']"
mdb-25,us-california-eastern-sierra-transit-gtfs-25,"['booking_rules.txt', 'location_groups.txt']"
mdb-160,us-new-mexico-red-apple-transit-gtfs-160,"['booking_rules.txt', 'location_groups.txt']"
mdb-164,us-colorado-snowmass-village-transportation-gtfs-164,"['booking_rules.txt', 'location_groups.txt']"
mdb-132,us-oregon-oregon-express-shuttle-gtfs-132,"['booking_rules.txt', 'location_groups.txt']"
mdb-141,us-oregon-malheur-council-on-aging-community-services-gtfs-141,"['booking_rules.txt', 'location_groups.txt']"
mdb-530,us-connecticut-greater-bridgeport-transit-gtfs-530,"['booking_rules.txt', 'location_groups.txt']"
mdb-252,us-oregon-canby-area-transit-cat-gtfs-252,"['booking_rules.txt', 'location_groups.txt']"
mdb-477,us-maryland-prince-georges-county-the-bus-gtfs-477,"['booking_rules.txt', 'location_groups.txt']"
mdb-378,us-north-carolina-duke-university-gtfs-378,"['booking_rules.txt', 'location_groups.txt']"
mdb-590,us-oregon-leter-bus-gtfs-590,"['booking_rules.txt', 'location_groups.txt']"
mdb-822,us-washington-ruraltransit-gtfs-822,"['booking_rules.txt', 'location_groups.txt']"
mdb-551,us-connecticut-9-town-transit-gtfs-551,"['booking_rules.txt', 'location_groups.txt']"
mdb-58,us-california-san-benito-county-express-sbce-gtfs-58,"['booking_rules.txt', 'location_groups.txt']"
mdb-224,us-virginia-bay-transit-gtfs-224,"['booking_rules.txt', 'location_groups.txt']"
mdb-396,us-wisconsin-waukesha-metro-transit-gtfs-396,"['booking_rules.txt', 'location_groups.txt']"
mdb-261,us-oregon-sandy-area-metro-sam-gtfs-261,"['booking_rules.txt', 'location_groups.txt']"
mdb-271,us-washington-people-for-people-community-connector-gtfs-271,"['booking_rules.txt', 'location_groups.txt']"
mdb-135,us-oregon-linx-transit-gtfs-135,"['booking_rules.txt', 'location_groups.txt']"
mdb-264,us-washington-mason-transit-authority-gtfs-264,"['booking_rules.txt', 'location_groups.txt']"
mdb-317,us-colorado-cripple-creek-transportation-gtfs-317,"['booking_rules.txt', 'location_groups.txt']"
mdb-112,us-oregon-people-mover-gtfs-112,"['booking_rules.txt', 'location_groups.txt']"
mdb-220,us-california-city-of-banning-transit-gtfs-220,"['booking_rules.txt', 'location_groups.txt']"
mdb-70,us-california-sonoma-county-transit-sct-gtfs-70,"['booking_rules.txt', 'location_groups.txt']"
mdb-852,us-vermont-tri-valley-transit-gtfs-852,"['booking_rules.txt', 'location_groups.txt']"
mdb-121,us-oregon-josephine-county-transit-jct-gtfs-121,"['booking_rules.txt', 'location_groups.txt']"
mdb-629,us-vermont-chittenden-county-transportation-authority-ccta-gtfs-629,"['booking_rules.txt', 'location_groups.txt']"
mdb-262,us-washington-skamania-county-transit-gtfs-262,"['booking_rules.txt', 'location_groups.txt']"
mdb-197,us-iowa-university-of-iowa-cambus-cambus-gtfs-197,"['booking_rules.txt', 'location_groups.txt']"
mdb-244,us-alaska-ketchikan-gateway-borough-gtfs-244,"['booking_rules.txt', 'location_groups.txt']"
mdb-420,us-massachusetts-marthas-vineyard-transit-authority-gtfs-420,"['booking_rules.txt', 'location_groups.txt']"
mdb-61,us-california-commuteorg-san-mateo-county-shuttles-gtfs-61,"['booking_rules.txt', 'location_groups.txt']"
mdb-580,us-washington-mount-adams-transportation-service-gtfs-580,"['booking_rules.txt', 'location_groups.txt']"
mdb-69,us-california-mendocino-transit-authority-gtfs-69,"['booking_rules.txt', 'location_groups.txt']"
mdb-1254,us-oregon-astoria-riverfront-trolley-gtfs-1254,"['booking_rules.txt', 'location_groups.txt']"
mdb-194,us-iowa-marshalltown-municipal-transit-gtfs-194,"['booking_rules.txt', 'location_groups.txt']"
mdb-800,us-oregon-oregon-department-of-transportation-gtfs-800,"['booking_rules.txt', 'location_groups.txt']"
mdb-151,us-texas-denton-county-transportation-authority-dcta-gtfs-151,"['booking_rules.txt', 'location_groups.txt']"
mdb-645,us-massachusetts-cape-cod-regional-transportation-authority-cape-cod-rta-gtfs-645,"['booking_rules.txt', 'location_groups.txt']"
mdb-88,us-california-yosemite-area-regional-transportation-system-yarts-gtfs-88,"['booking_rules.txt', 'location_groups.txt']"
mdb-21,us-oregon-coos-county-area-transit-ccat-gtfs-21,"['booking_rules.txt', 'location_groups.txt']"
mdb-413,us-michigan-michigan-flyer-gtfs-413,"['booking_rules.txt', 'location_groups.txt']"
mdb-547,us-vermont-lake-champlain-ferries-gtfs-547,"['booking_rules.txt', 'location_groups.txt']"
mdb-280,us-washington-island-transit-gtfs-280,"['booking_rules.txt', 'location_groups.txt']"
mdb-294,us-alaska-capital-transit-gtfs-294,"['booking_rules.txt', 'location_groups.txt']"
mdb-433,us-massachusetts-montachusett-regional-transit-authority-mart-gtfs-433,"['booking_rules.txt', 'location_groups.txt']"
mdb-816,us-washington-snoqualmie-valley-transportation-gtfs-816,"['booking_rules.txt', 'location_groups.txt']"
mdb-455,us-colorado-envida-gtfs-455,"['booking_rules.txt', 'location_groups.txt']"
mdb-805,us-colorado-roadrunnertransit-gtfs-805,"['booking_rules.txt', 'location_groups.txt']"
mdb-459,us-colorado-estes-transit-gtfs-459,"['booking_rules.txt', 'location_groups.txt']"
mdb-1288,us-california-vine-transit-gtfs-1288,"['booking_rules.txt', 'location_groups.txt']"
mdb-93,us-california-calaveras-transit-gtfs-93,"['booking_rules.txt', 'location_groups.txt']"
mdb-19,us-california-humbolt-transit-authority-gtfs-19,"['booking_rules.txt', 'location_groups.txt']"
mdb-123,us-oregon-utrans-gtfs-123,"['booking_rules.txt', 'location_groups.txt']"
mdb-362,us-kentucky-blue-grass-community-action-partnership-gtfs-362,"['booking_rules.txt', 'location_groups.txt']"
mdb-181,us-colorado-university-of-colorado-boulder-gtfs-181,"['booking_rules.txt', 'location_groups.txt']"
mdb-517,us-new-jersey-port-authority-trans-hudson-path-gtfs-517,"['booking_rules.txt', 'location_groups.txt']"
